<?xml version="1.0" encoding="UTF-8"?>
<extension type="plugin" version="3.2" group="system" method="upgrade">
    <name>PLG_LAZYLOADFORJOOMLA</name>
    <version>3-5</version>
    <creationDate>2014-07-10</creationDate>
    <license>http://www.gnu.org/licenses/gpl-3.0</license>
    <copyright>Copyright 2014 Viktor Vogel. All rights reserved.</copyright>
    <author>Viktor Vogel</author>
    <authorEmail>admin@kubik-rubik.de</authorEmail>
    <authorUrl>http://joomla-extensions.kubik-rubik.de/</authorUrl>
    <description>PLG_LAZYLOADFORJOOMLA_XML_DESCRIPTION</description>
    <files>
        <filename plugin="lazyloadforjoomla">lazyloadforjoomla.php</filename>
        <filename plugin="lazyloadforjoomla">lazyloadforjoomla.js</filename>
        <filename plugin="lazyloadforjoomla">blank.gif</filename>
        <filename plugin="lazyloadforjoomla">index.html</filename>
        <folder plugin="lazyloadforjoomla">fields</folder>
    </files>
    <languages folder="language">
        <language tag="de-DE">de-DE/de-DE.plg_system_lazyloadforjoomla.ini</language>
        <language tag="de-DE">de-DE/de-DE.plg_system_lazyloadforjoomla.sys.ini</language>
        <language tag="en-GB">en-GB/en-GB.plg_system_lazyloadforjoomla.ini</language>
        <language tag="en-GB">en-GB/en-GB.plg_system_lazyloadforjoomla.sys.ini</language>
    </languages>
    <config>
        <fields name="params" addfieldpath="/plugins/system/lazyloadforjoomla/fields">
            <fieldset name="settings">
                <field type="krdonationcodecheck" />
                <field name="exclude_imagenames" type="textarea" default="" label="PLG_LAZYLOADFORJOOMLA_EXCLUDEIMAGENAMES" description="PLG_LAZYLOADFORJOOMLA_EXCLUDEIMAGENAMESDESC" rows="6" cols="60" />
                <field name="exclude_imagenames_toggle" type="list" default="0" label="PLG_LAZYLOADFORJOOMLA_EXCLUDEIMAGENAMES_TOGGLE" description="PLG_LAZYLOADFORJOOMLA_EXCLUDEIMAGENAMES_TOGGLEDESC">
                    <option value="0">JNO</option>
                    <option value="1">JYES</option>
                </field>
                <field name="exclude_components" type="textarea" default="" label="PLG_LAZYLOADFORJOOMLA_EXCLUDECOMPONENTS" description="PLG_LAZYLOADFORJOOMLA_EXCLUDECOMPONENTSDESC" rows="6" cols="60" />
                <field name="exclude_components_toggle" type="list" default="0" label="PLG_LAZYLOADFORJOOMLA_EXCLUDECOMPONENTS_TOGGLE" description="PLG_LAZYLOADFORJOOMLA_EXCLUDECOMPONENTS_TOGGLEDESC">
                    <option value="0">JNO</option>
                    <option value="1">JYES</option>
                </field>
                <field name="exclude_urls" type="textarea" default="" label="PLG_LAZYLOADFORJOOMLA_EXCLUDEURLS" description="PLG_LAZYLOADFORJOOMLA_EXCLUDEURLSDESC" rows="6" cols="60" />
                <field name="exclude_urls_toggle" type="list" default="0" label="PLG_LAZYLOADFORJOOMLA_EXCLUDEURLS_TOGGLE" description="PLG_LAZYLOADFORJOOMLA_EXCLUDEURLS_TOGGLEDESC">
                    <option value="0">JNO</option>
                    <option value="1">JYES</option>
                </field>
                <field name="exclude_editor" type="list" default="1" label="PLG_LAZYLOADFORJOOMLA_EXCLUDEJOOMLAEDITOR" description="PLG_LAZYLOADFORJOOMLA_EXCLUDEJOOMLAEDITORDESC">
                    <option value="0">JNO</option>
                    <option value="1">JYES</option>
                </field>
                <field name="exclude_bots" type="list" default="1" label="PLG_LAZYLOADFORJOOMLA_EXCLUDEBOTS" description="PLG_LAZYLOADFORJOOMLA_EXCLUDEBOTSDESC">
                    <option value="1">JYES</option>
                    <option value="0">JNO</option>
                </field>
                <field name="botslist" type="text" size="80" default="bot,spider,crawler,libwww,search,archive,slurp,teoma,facebook,twitter" label="PLG_LAZYLOADFORJOOMLA_EXCLUDEBOTSLIST" description="PLG_LAZYLOADFORJOOMLA_EXCLUDEBOTSLISTDESC" />
                <field name="viewslist" type="text" size="80" default="component,print" label="PLG_LAZYLOADFORJOOMLA_EXCLUDEVIEWSLIST" description="PLG_LAZYLOADFORJOOMLA_EXCLUDEVIEWSLISTDESC" />
            </fieldset>
            <fieldset name="donation">
                <field type="krdonationcodecheck" />
                <field name="donation_code" type="text" default="" size="40" label="KR_DONATION_CODE" description="KR_DONATION_CODEDESC" />
                <field name="krtitle" type="krtitle" label="" />
            </fieldset>
            <fieldset name="versioncheck">
                <field type="krdonationcodecheck" />
                <field type="krversioncheck" name="krversioncheck" default="llfj|3-5" />
                <field name="versioncheck_enable" type="list" default="1" label="KR_VERSION_CHECK" description="KR_VERSION_CHECKDESC">
                    <option value="1">KR_VERSION_CHECK_ONCESESSION</option>
                    <option value="2">KR_VERSION_CHECK_ONEVERYLOAD</option>
                    <option value="0">JNO</option>
                </field>
            </fieldset>
        </fields>
    </config>
</extension>